BlobID,Compound Name,Description,Group Name,Constellation Name,Inclusion,LRI I,Library RI,Library ID,Library Name,Library NIST ID,Library Match Factor,Library Reverse Match Factor,Library Probability,Review Status,Internal Standard,Retention I (min),Retention II (sec),Peak Value,Volume,Quantifier(1),Quantifier(2),Quantifier Response(1),Quantifier Response(2),Volume Ratio,Library Formula,Library Molecular Weight
18,"Bicyclo[4.3.0]nonan-2-one, 8-isopropylidene-",,lib,,true,1892.9577464788733,,152789,mainlib,159427,735,796,15.380000114440918,,0,47.27837735446499,1.1694009174622861,599.394257112639,11914.5528212684,,,0.0,0.0,0.0,C12H18O,178
595,"Hexadecanoic acid, n.-octyl ester",,lib,,true,2543.636363636363,,212174,mainlib,405226,748,753,14.979999542236328,,0,63.23535305947102,0.3932498660492644,115.33661837130785,2212.0247526633398,,,0.0,0.0,0.0,C24H48O2,368
635,"[1-(3,3-Dimethyloxiran-2-ylmethyl)-3,7-dimethylocta-2,6-dienyl]trimethylsilane",,lib,,true,1995.774647887324,,41189,mainlib,192030,633,690,30.850000381469727,,0,50.161692271458655,0.8692891775825844,54.73935089807492,1419.3735054746471,,,0.0,0.0,0.0,C18H34OSi,294
654,"2H-Pyran, 2-(7-heptadecynyloxy)tetrahydro-",,lib,,true,1976.0563380281692,,19093,mainlib,36299,711,715,14.390000343322754,,0,49.60872776682974,0.8382431355260636,36.74302801687736,1200.8946265599177,,,0.0,0.0,0.0,C22H40O2,336
620,"Linolool oxide, (E)-, TMS derivative",,lib,,true,1945.0704225352113,,115524,mainlib,43623,663,844,19.940000534057617,,0,48.73978354527,0.7761510514130219,76.61093572585378,1138.9224292130057,,,0.0,0.0,0.0,C13H26O2Si,242
780,Ethyl iso-allocholate,,lib,,true,1894.3661971830986,,7020,mainlib,43053,657,669,24.75,,0,47.31787481908135,0.4346445887912922,15.67160202364903,1135.20426582235,,,0.0,0.0,0.0,C26H44O5,436
636,Epistephamiersine,,lib,,true,1881.6901408450706,,207093,mainlib,100469,665,765,26.190000534057617,,0,46.96239763753418,0.45534195016230616,56.84447308862582,1087.8492579422673,,,0.0,0.0,0.0,C21H27NO6,389
708,"Dodecanoic acid, 3-hydroxy-",,lib,,true,2747.57281553398,,6036,mainlib,36313,695,737,14.359999656677246,,0,67.46158177342063,0.3932498660492644,21.62299593805801,1071.2624906712638,,,0.0,0.0,0.0,C12H24O3,216
816,"1H-2,8a-Methanocyclopenta[a]cyclopropa[e]cyclodecen-11-one, 1a,2,5,5a,6,9,10,10a-octahydro-5,5a,6-trihydroxy-1,4-bis(hydroxymethyl)-1,7,9-trimethyl-, [1S-(1α,1aα,2α,5ß,5aß,6ß,8aα,9α,10aα)]-",,lib,,true,2278.991596638655,,6245,mainlib,67519,580,595,33.470001220703125,,0,57.27123590240193,0.6312695218159244,13.776354966219515,987.2346240793911,,,0.0,0.0,0.0,C20H28O6,364
777,"3-Methyl-6,7-benzoisoquinoline",,lib,,true,1912.676056338028,,179726,mainlib,78086,665,751,36.599998474121094,,0,47.83134185909391,0.6209208411304175,15.96460849646246,969.2864343907385,,,0.0,0.0,0.0,C14H11N,193
688,"Cyclopropanebutanoic acid, 2-[[2-[[2-[(2-pentylcyclopropyl)methyl]cyclopropyl]methyl]cyclopropyl]methyl]-, methyl ester",,lib,,true,1956.3380281690143,,44602,mainlib,28143,720,732,30.149999618530273,,0,49.05576326220081,0.7554536900420079,23.725281385530252,879.0592731431079,,,0.0,0.0,0.0,C25H42O2,374
696,"4,8,13-Cyclotetradecatriene-1,3-diol, 1,5,9-trimethyl-12-(1-methylethyl)-",,lib,,true,1976.0563380281692,,49834,mainlib,42995,714,786,20.479999542236328,,0,49.60872776682974,0.4656906308478131,22.990699948219117,828.1791699887896,,,0.0,0.0,0.0,C20H34O2,306
623,"Levoglucosan, 3TMS derivative",,lib,,true,1726.5822784810125,1694.0,43248,mainlib,380375,874,889,37.970001220703125,,0,42.3806917420374,0.486387992218827,71.49378096536384,808.6700227554029,,,0.0,0.0,0.0,C15H34O5Si3,378
746,"Eicosanoic acid, 2,3-bis(acetyloxy)propyl ester",,lib,,true,1830.985915492958,,12738,mainlib,17928,642,776,10.649999618530273,,0,45.54048891134553,0.4346445887912922,18.026674944907427,749.7707405574529,,,0.0,0.0,0.0,C27H50O6,470
786,trans-2-Hexadecenoic acid,,lib,,true,1901.4084507042255,,5965,mainlib,233100,609,658,10.989999771118164,,0,47.515362142163106,0.7347563286709939,15.22026570129674,748.0862585265497,,,0.0,0.0,0.0,C16H30O2,254
702,7-Hydroxyfarnesen,,lib,,true,1853.5211267605634,,6316,mainlib,374204,705,758,7.309999942779541,,0,46.17244834520715,1.1176575140347513,21.423400439321995,675.026908883933,,,0.0,0.0,0.0,C15H24O,220
699,"1-Butanol, 4-(hexyloxy)-",,lib,,true,2107.6923076923076,,7314,mainlib,6951,633,804,7.349999904632568,,0,53.045007188452324,0.496736672904334,22.49021268999786,664.4673022522038,,,0.0,0.0,0.0,C10H22O2,174
663,"Furo[3,2-c]quinoline, 2,3-dihydro-2,4-dimethyl-",,lib,,true,1726.5822784810125,,183886,mainlib,277253,623,676,14.369999885559082,,0,42.3806917420374,0.5795261183883896,34.275905173970386,661.7039584119448,,,0.0,0.0,0.0,C13H13NO,199
1134,"[2-(5-Hydroxypent-2-ynyl)-3-oxocyclopentyl]thioacetic acid, S-t-butyl ester",,lib,,true,2386.5546218487398,,23826,mainlib,195368,605,671,31.59000015258789,,0,59.79907363784844,0.8175457741550497,6.115433365746867,600.7521420605274,,,0.0,0.0,0.0,C16H24O3S,296
958,"Acetic acid, 17-(1-acetoxy-ethyl)-10,13-dimethyl-3-oxo-2,3,8,9,10,11,12,13,14,15,16,17-dodecahydro-1H-cyclopenta[a]phenanthren-11-yl (ester)",,lib,,true,1922.5352112676057,,14476,mainlib,193980,619,620,20.6299991607666,,0,48.10782411140838,0.4449932694767992,9.003291149216238,548.7978170806837,,,0.0,0.0,0.0,C25H34O5,414
808,"Dodecanoic acid, 3-hydroxy-",,lib,,true,2058.4615384615386,,6036,mainlib,36313,628,641,8.770000457763672,,0,51.78108832072907,0.6726642445579523,14.73160901851952,501.5939955918875,,,0.0,0.0,0.0,C12H24O3,216
660,"6,7-Dibromo-Z-11-tetradecene-1-ol acetate",,lib,,true,1994.3661971830988,,8357,mainlib,130784,650,675,59.349998474121094,,0,50.12219480684231,0.7864997320985287,33.8660305114463,501.1732988516924,,,0.0,0.0,0.0,C16H28Br2O2,410
676,1-Heptatriacotanol,,lib,,true,2024.6153846153848,,7279,mainlib,127968,709,716,35.11000061035156,,0,50.91214409916934,0.45534195016230616,28.365645266370848,500.64182411627417,,,0.0,0.0,0.0,C37H76O,536
856,"9-Octadecenoic acid, (2-phenyl-1,3-dioxolan-4-yl)methyl ester, trans-",,lib,,true,2231.9327731092435,,59141,mainlib,36520,600,610,17.8799991607666,,0,56.1653068931441,0.7554536900420079,12.717431296827272,494.8187399623694,,,0.0,0.0,0.0,C28H44O4,444
724,"4,8,13-Cyclotetradecatriene-1,3-diol, 1,5,9-trimethyl-12-(1-methylethyl)-",,lib,,true,2180.0,,49834,mainlib,42995,799,814,30.06999969482422,,0,54.90138802542084,1.0038220264941748,19.42598670301959,492.3427980177056,,,0.0,0.0,0.0,C20H34O2,306
1112,"4-Methoxyphenoxyformamide, N-methyl-N-[4-(1-pyrrolidinyl)-2-butynyl]-",,lib,,true,2467.272727272727,,37709,mainlib,124113,653,669,29.34000015258789,,0,61.57645954558426,0.8175457741550497,6.356609073700383,480.47605397066746,,,0.0,0.0,0.0,C17H22N2O3,302
793,"2-[5-(2,2-Dimethyl-6-methylene-cyclohexyl)-3-methyl-pent-2-enyl]-[1,4]benzoquinone",,lib,,true,2080.0,,150316,mainlib,189269,713,764,8.869999885559082,,0,52.334052825357986,0.993473345808668,14.663522708695382,462.5089973391905,,,0.0,0.0,0.0,C21H28O2,312
695,"[1-(3,3-Dimethyloxiran-2-ylmethyl)-3,7-dimethylocta-2,6-dienyl]trimethylsilane",,lib,,true,1963.380281690141,,41189,mainlib,192030,643,732,26.25,,0,49.25325058528257,0.8071970934695427,22.998849977273494,456.01164031071676,,,0.0,0.0,0.0,C18H34OSi,294
794,"Methyl 1,2-diphenyl-3-hydroxy-cyclopropene-3-carboxylate",,lib,,true,2167.6923076923076,,81528,mainlib,403831,600,803,14.359999656677246,,0,54.58540830849003,0.6933616059289661,14.686126813205192,437.6861130817888,,,0.0,0.0,0.0,C17H14O3,266
966,"[1-(3,3-Dimethyloxiran-2-ylmethyl)-3,7-dimethylocta-2,6-dienyl]trimethylsilane",,lib,,true,2087.6923076923076,,41189,mainlib,192030,608,668,38.099998474121094,,0,52.531540148439746,0.3208091012507157,9.041232352610677,430.6877942695771,,,0.0,0.0,0.0,C18H34OSi,294
707,"Arabinofuranose, 1,2,3,5-tetrakis-O-(trimethylsilyl)-",,lib,,true,1763.2911392405065,,194138,mainlib,17577,742,827,18.950000762939453,,0,43.5261182159116,0.5691774377028826,21.092262241640128,418.3560360286392,,,0.0,0.0,0.0,C17H42O5Si4,438
649,"D-Erythro-Pentopyranose, 2-deoxy-1,3,4-tris-O-(trimethylsilyl)-",,lib,,true,1646.8354430379748,,42139,mainlib,79243,751,767,54.54999923706055,,0,39.892351471207256,0.6312695218159244,43.48343835561536,416.63375623219736,,,0.0,0.0,0.0,C14H34O4Si3,350
760,Mono-TMS of (pyridoxine-H2O),,lib,,true,1887.323943661972,,43453,mainlib,116083,713,763,62.15999984741211,,0,47.12038749599959,1.3763745311724254,16.864048298215494,358.9391941520777,,,0.0,0.0,0.0,C11H17NO2Si,223
1004,"Methyl glycocholate, 3TMS derivative",,lib,,true,2012.3076923076924,,41378,mainlib,43378,626,660,16.440000534057617,,0,50.59616438223852,0.38290118536375745,8.107384091243148,357.09772380194045,,,0.0,0.0,0.0,C36H69NO6Si3,695
704,"3-Hydroxy-2,5,5,8a-tetramethyl-3,4,4a,5,6,7,8,8a-octahydronaphthalene-1-carboxylic acid, 2-trimethylsilylethyl ester",,lib,,true,2093.8461538461534,,42233,mainlib,191325,597,605,12.920000076293945,,0,52.68953000690515,0.31046042056520873,22.208276975667104,355.71701359641474,,,0.0,0.0,0.0,C20H36O3Si,352
796,"Thiourea, 1-(2-chlorophenyl)-3-(pyridin-3-yl)-",,lib,,true,2463.6363636363635,,199774,mainlib,304554,635,672,19.809999465942383,,0,61.49746461635155,0.5174340342753478,15.309825667733094,347.5473743073471,,,0.0,0.0,0.0,C12H10ClN3S,263
750,"13-Octadecenoic acid, (E)-, TMS derivative",,lib,,true,2250.4201680672268,2228.0,41296,mainlib,333617,793,798,23.790000915527344,,0,56.599779003923956,0.33115778193622264,18.97054167362512,341.90559089133967,,,0.0,0.0,0.0,C21H42O2Si,354
701,"3-Methyl-2-furoic acid, TMS derivative",,lib,,true,1318.7358898813632,,125778,mainlib,153538,702,728,59.939998626708984,,0,28.83306137862882,0.9417299423811332,21.878182941116393,335.54720663480975,,,0.0,0.0,0.0,C9H14O3Si,198
831,"3-Methyl-6,7-benzoisoquinoline",,lib,,true,1895.7746478873241,,179726,mainlib,78086,700,785,13.390000343322754,,0,47.3573722836977,0.6933616059289661,13.394397245552682,334.6905385564865,,,0.0,0.0,0.0,C14H11N,193
982,"Bicyclo[4.4.0]dec-2-ene-4-ol, 2-methyl-9-(prop-1-en-3-ol-2-yl)-",,lib,,true,1923.9436619718313,,3985,mainlib,196797,714,736,8.9399995803833,,0,48.14732157602473,1.0555654299217097,8.410663053713506,330.90428847633405,,,0.0,0.0,0.0,C15H24O2,236
896,Pentadecanenitrile,,lib,,true,1825.3521126760565,,10455,mainlib,376724,709,794,12.979999542236328,,0,45.38249905288012,0.7864997320985287,10.957005907475832,328.9753837499916,,,0.0,0.0,0.0,C15H29N,223
993,"9-Octadecenoic acid, (2-phenyl-1,3-dioxolan-4-yl)methyl ester, trans-",,lib,,true,1845.0704225352113,,59141,mainlib,36520,617,627,27.270000457763672,,0,45.93546355750904,0.5691774377028826,8.557300365733681,320.5614753433292,,,0.0,0.0,0.0,C28H44O4,444
1057,"2,2-Dimethyl-6-methylene-1-[3,5-dihydroxy-1-pentenyl]cyclohexan-1-perhydrol",,lib,,true,1945.0704225352113,,34938,mainlib,212026,648,666,12.470000267028809,,0,48.73978354527,1.221144320889821,7.35567299160175,320.24099192361564,,,0.0,0.0,0.0,C14H24O4,256
800,"Benzoic acid, tridecyl ester",,lib,,true,2349.5798319327732,2340.0,106503,mainlib,340226,777,844,66.0199966430664,,0,58.9301294162887,0.4760393115333201,15.14779794588685,319.2458853762291,,,0.0,0.0,0.0,C20H32O2,304
1072,"2-Cyclohexene-1-carboxylic acid, 1,3-dimethyl-2-(3-methyl-7-oxo-1,3-octadienyl)-4-oxo-, methyl ester, (+)-",,lib,,true,2018.4615384615386,,7462,mainlib,15040,624,647,44.9900016784668,,0,50.754154240703926,0.31046042056520873,7.007396725515719,313.96900851819737,,,0.0,0.0,0.0,C19H26O4,318
766,2-o-Tolylbenzothiazole,,lib,,true,2044.6153846153848,,198171,mainlib,135440,758,804,61.43000030517578,,0,51.42561113918191,0.496736672904334,16.427894986001775,313.4148465822691,,,0.0,0.0,0.0,C14H11NS,225
957,11α-Hydroxy-17α-methyl testosterone,,lib,,true,1939.4366197183099,,11737,mainlib,248230,654,657,10.5,,0,48.581793686804595,0.6933616059289661,9.079052831511945,302.6000077104418,,,0.0,0.0,0.0,C20H30O3,318
745,"As-Indacen-1(2H)-one, 3,6,7,8-tetrahydro-3,3,6,6-tetramethyl-",,lib,,true,2012.3076923076924,,192371,mainlib,31027,732,739,46.90999984741211,,0,50.59616438223852,0.9210325810101192,18.056376243795967,297.7541286909054,,,0.0,0.0,0.0,C16H20O,228
822,"Heptadecanoic acid, TMS derivative",,lib,,true,2176.923076923077,2146.0,42165,mainlib,79015,714,839,54.47999954223633,,0,54.822393096188144,0.3208091012507157,14.41021392919356,297.30186970540035,,,0.0,0.0,0.0,C20H42O2Si,342
960,"Linolool oxide, (Z)-, TMS derivative",,lib,,true,2015.3846153846155,,115520,mainlib,43625,611,813,24.940000534057617,,0,50.675159311471226,1.4074205732289462,9.413747577229515,297.25121453528914,,,0.0,0.0,0.0,C13H26O2Si,242
920,"Eicosanoic acid, 2,3-bis(acetyloxy)propyl ester",,lib,,true,1888.7323943661972,,12738,mainlib,17928,657,770,20.1200008392334,,0,47.15988496061594,0.45534195016230616,10.236943284238805,293.25156022188094,,,0.0,0.0,0.0,C27H50O6,470
1047,"Benzoic acid, tetradecyl ester",,lib,,true,2456.363636363636,2447.0,106504,mainlib,340227,634,763,17.360000610351562,,0,61.339474757886144,0.4656906308478131,7.718274121609284,272.9876733217129,,,0.0,0.0,0.0,C21H34O2,318
1139,"2(3H)-Furanone, 5-dodecyldihydro-",,lib,,true,2140.0,2105.0,54860,mainlib,413417,699,830,15.220000267028809,,0,53.8744539453957,1.1383548754057653,6.122940741945058,270.8125248761862,,,0.0,0.0,0.0,C16H30O2,254
805,"2-methylidene-6,10,14-trimethylpen2-methylidene-6,10,14-trimethylpentadecanoic acid silylated",,lib,,true,2268.90756302521,,42874,mainlib,383730,617,664,18.559999465942383,,0,57.03425111470383,0.4346445887912922,14.931750619551167,268.5179672678896,,,0.0,0.0,0.0,C22H44O2Si,368
1144,"Butanoic acid, 1a,2,5,5a,6,9,10,10a-octahydro-5,5a-dihydroxy-4-(hydroxymethyl)-1,1,7,9-tetramethyl-11-oxo-1H-2,8a-methanocyclopenta[a]cyclopropa[e]cyclodecen-6-yl ester, [1aR-(1aα,2α,5ß,5aß,6ß,8aα,9α,10aα)]-",,lib,,true,2319.327731092437,,11658,mainlib,67661,643,645,16.229999542236328,,0,58.21917505319437,0.6623155638724453,6.0115956915251445,265.1743037277465,,,0.0,0.0,0.0,C24H34O6,418
783,"1-Hydroxy-2-methylanthraquinone, TMS derivative",,lib,,true,2287.3949579831933,,223709,mainlib,103735,648,908,47.04999923706055,,0,57.46872322548369,0.38290118536375745,15.797879634657875,264.24579143756455,,,0.0,0.0,0.0,C18H18O3Si,310
901,"Pentadecanoic acid, TMS derivative",,lib,,true,1916.9014084507044,1950.0,97065,mainlib,352555,706,760,44.400001525878906,,0,47.94983425294297,0.33115778193622264,11.204495698068058,263.6962056964958,,,0.0,0.0,0.0,C18H38O2Si,314
814,"Anthacene, 1,2,3,4,6,7,8,9-octahydro-2,2,5-trimethyl-",,lib,,true,1969.0140845070423,,13869,mainlib,214199,605,639,13.729999542236328,,0,49.41124044374798,0.5691774377028826,14.240098833368393,262.2291965044915,,,0.0,0.0,0.0,C17H24,228
861,"4-(3-Hydroxy-2,2,6-trimethyl-7-oxa-bicyclo[4.1.0]hept-1-yl)-but-3-en-2-one",,lib,,true,1753.1645569620252,,11690,mainlib,190366,649,683,17.799999237060547,,0,43.21013849898078,0.962427303752147,12.353903150651604,260.37142500492155,,,0.0,0.0,0.0,C13H20O3,224
829,"Octasiloxane, 1,1,3,3,5,5,7,7,9,9,11,11,13,13,15,15-hexadecamethyl-",,lib,,true,1857.7464788732395,,43294,mainlib,153848,574,669,16.790000915527344,,0,46.290940739056204,0.38290118536375745,13.500443858545623,259.7265401180084,,,0.0,0.0,0.0,C16H50O7Si8,578
954,"7-Oxabicyclo[4.1.0]heptane, 2,2,6-trimethyl-1-(3-methyl-1,3-butadienyl)-5-methylene-",,lib,,true,1783.5443037974683,,11507,mainlib,187069,701,762,8.5,,0,44.15807764977322,0.7451050093565009,9.347972031100653,258.98219457590676,,,0.0,0.0,0.0,C15H22O,218
929,"3-Hydroxy-7-isopropenyl-1,4a-dimethyl-2,3,4,4a,5,6,7,8-octahydro-2-naphthalenyl acetate, TBDMS derivative",,lib,,true,1926.7605633802818,,45249,mainlib,195205,614,634,27.65999984741211,,0,48.22631650525743,0.4656906308478131,10.002436492039124,244.34429456473663,,,0.0,0.0,0.0,C23H40O3Si,392
995,"7-(1,3-Dimethylbuta-1,3-dienyl)-1,6,6-trimethyl-3,8-dioxatricyclo[5.1.0.0(2,4)]octane",,lib,,true,1829.5774647887324,,11050,mainlib,190227,729,748,8.529999732971191,,0,45.500991446729174,1.1383548754057653,8.15209679734835,241.45285728582687,,,0.0,0.0,0.0,C15H22O2,234
1115,"Phthalazine-1,4(2H,3H)-dione, 2-(2-bromophenyl)-",,lib,,true,2292.436974789916,,228858,mainlib,272750,598,713,22.110000610351562,,0,57.587215619332746,1.5419534221405367,6.769734070287086,237.7964922600087,,,0.0,0.0,0.0,C14H9BrN2O2,316
835,"Octasiloxane, 1,1,3,3,5,5,7,7,9,9,11,11,13,13,15,15-hexadecamethyl-",,lib,,true,2175.3846153846152,,43294,mainlib,153848,621,662,53.459999084472656,,0,54.78289563157179,0.2173222943956461,14.200369446546574,237.75046494614844,,,0.0,0.0,0.0,C16H50O7Si8,578
1142,"Limonen-6-ol, pivalate",,lib,,true,1914.0845070422536,,23390,mainlib,124592,713,738,19.799999237060547,,0,47.870839323710264,1.7903217585927036,6.013844008615706,237.3306672453936,,,0.0,0.0,0.0,C15H24O2,236
1172,"2(3H)-Benzofuranone, 6-ethenylhexahydro-3,6-dimethyl-7-(1-methylethenyl)-, [3S-(3α,3aα,6α,7ß,7aß)]-",,lib,,true,1833.8028169014087,1806.0,49997,mainlib,11240,715,778,42.66999816894531,,0,45.61948384057823,1.438466615285467,5.69246745435521,233.38861446826442,,,0.0,0.0,0.0,C15H22O2,234
1098,"Octadecanal, 2-bromo-",,lib,,true,2496.363636363636,,7651,mainlib,36546,609,610,11.640000343322754,,0,62.20841897944588,0.7037102866144731,6.762743212864734,231.960972424562,,,0.0,0.0,0.0,C18H35BrO,346
1183,"10,12-Docosadiynedioic acid, 2TMS derivative",,lib,,true,1926.7605633802818,,41367,mainlib,332159,643,653,19.31999969482422,,0,48.22631650525743,0.33115778193622264,5.721951858286047,231.0286805070864,,,0.0,0.0,0.0,C28H50O4Si2,506
904,"Heptasiloxane, 1,1,3,3,5,5,7,7,9,9,11,11,13,13-tetradecamethyl-",,lib,,true,2041.5384615384617,,43295,mainlib,153847,673,762,45.150001525878906,,0,51.346616209949204,0.2690656978231809,11.166345193021698,229.86544976573123,,,0.0,0.0,0.0,C14H44O6Si7,504
1407,"Tricyclo[8.4.1.1(3,8)]hexadeca-3,5,7,10,12,14-hexaene-2,9-dione, anti-",,lib,,true,2332.7731092436975,,166186,mainlib,189978,697,750,19.860000610351562,,0,58.53515477012518,1.0659141106072167,4.457661240245216,224.80804434121274,,,0.0,0.0,0.0,C16H12O2,236
1011,"1-Cyclopenten-3-one, 1-(3-methoxy-1-(E)-octenyl)-2-trimethylsilyl-",,lib,,true,1845.0704225352113,,197368,mainlib,158488,637,672,32.380001068115234,,0,45.93546355750904,0.7451050093565009,7.9846750954166055,224.5670818667479,,,0.0,0.0,0.0,C17H30O2Si,294
1005,tert-Hexadecanethiol,,lib,,true,2336.1344537815125,,25117,mainlib,234966,689,709,11.90999984741211,,0,58.61414969935789,0.2690656978231809,8.07459247207862,223.92072981429646,,,0.0,0.0,0.0,C16H34S,258
1220,"1-Oxaspiro[2.5]octane, 5,5-dimethyl-4-(3-methyl-1,3-butadienyl)-",,lib,,true,2619.4174757281544,,3796,mainlib,195921,572,654,8.210000038146973,,0,64.85474910874143,0.4449932694767992,5.530758777240408,218.79418963701028,,,0.0,0.0,0.0,C14H22O,206
1061,"2,5-Octadecadiynoic acid, methyl ester",,lib,,true,1932.3943661971832,,60962,mainlib,35988,642,716,13.470000267028809,,0,48.384306363722835,0.4449932694767992,7.062020039418712,212.7899979962392,,,0.0,0.0,0.0,C19H30O2,290
998,"[1-(3,3-Dimethyloxiran-2-ylmethyl)-3,7-dimethylocta-2,6-dienyl]trimethylsilane",,lib,,true,2138.461538461538,,41189,mainlib,192030,591,633,21.079999923706055,,0,53.834956480779354,0.33115778193622264,8.363123824296053,212.3065237957344,,,0.0,0.0,0.0,C18H34OSi,294
1238,"1-Oxaspiro[4.5]decan-3-carboxylic acid, 2-oxo-4-cyano-, ethyl ester",,lib,,true,2305.8823529411766,,71783,mainlib,265558,599,632,16.600000381469727,,0,57.903195336263565,0.7761510514130219,5.311882360372692,206.84575609048989,,,0.0,0.0,0.0,C13H17NO4,251
1105,"19-Norandrosterone, 2TMS derivative",,lib,,true,1791.1392405063289,,41283,mainlib,372654,632,657,18.389999389648438,,0,44.395062437471324,0.8071970934695427,6.594348527782131,204.5913543699462,,,0.0,0.0,0.0,C24H44O2Si2,420
1295,"Cyclobuta[a]dibenzo[c,f]cycloheptadien-1-ol-7-one",,lib,,true,2474.5454545454545,,209527,mainlib,210290,561,569,26.84000015258789,,0,61.73444940404966,1.1176575140347513,5.088567167258589,204.24311551475546,,,0.0,0.0,0.0,C17H14O2,250
1319,7-Methyl-Z-tetradecen-1-ol acetate,,lib,,true,1923.9436619718313,,7041,mainlib,130996,656,671,15.789999961853027,,0,48.14732157602473,1.2625390436318489,4.678878313745372,198.04795437642224,,,0.0,0.0,0.0,C17H32O2,268
1071,"(E)-1,2-Cyclopentanedicarboxylic acid, 3,3-dimethyl -4-trimethylsilylmethylene-, diethyl ester",,lib,,true,2130.7692307692305,,41530,mainlib,153961,568,604,5.96999979019165,,0,53.637469157697595,0.5795261183883896,7.034798753913492,194.07198543480445,,,0.0,0.0,0.0,C17H30O4Si,326
1048,"3,3a-Epoxydicyclopenta[a,d]cyclooctan-4ß-ol, 9,10a-dimethyl-6-methylene-3ß-isopropyl-",,lib,,true,1721.5189873417721,,6189,mainlib,196520,594,608,7.900000095367432,,0,42.22270188357199,0.496736672904334,7.579431188256422,192.18277131418472,,,0.0,0.0,0.0,C20H32O2,304
905,"10,13-Dioxatricyclo[7.3.1.0(4,9)]tridecan-5-ol-2-carboxylic acid, 4-methyl-11-(1-propenyl)-, methyl ester",,lib,,true,1973.2394366197186,,65766,mainlib,195850,675,738,18.84000015258789,,0,49.52973283759704,0.7658023707275149,10.795946672995342,188.15928050751245,,,0.0,0.0,0.0,C17H26O5,310
1520,"5,7,9(11)-Androstatriene, 3-hydroxy-17-oxo-",,lib,,true,2307.563025210084,,14099,mainlib,251163,548,587,8.970000267028809,,0,57.94269280087992,0.4139472274202783,3.7337772538885474,185.93729770972334,,,0.0,0.0,0.0,C19H24O2,284
1177,"1-Octanol, 3-(2-methoxyethyl)-, TMS derivative",,lib,,true,2166.1538461538457,,17249,mainlib,216828,594,676,17.43000030517578,,0,54.54591084387368,0.23801965576666004,5.950759482424473,185.70232489807222,,,0.0,0.0,0.0,C14H32O2Si,260
911,"Cyclohexylamine, N-(2-chlorocyclopentylidene)-, N-oxide",,lib,,true,1963.380281690141,,20025,mainlib,185854,637,700,14.5,,0,49.25325058528257,1.3763745311724254,10.773491951753385,184.68318486609678,,,0.0,0.0,0.0,C11H18ClNO,215
869,"10,12-Docosadiynedioic acid, 2TMS derivative",,lib,,true,2050.769230769231,,41367,mainlib,332159,658,667,19.68000030517578,,0,51.583600997647316,0.6519668831869383,12.462015004479326,181.64147742196656,,,0.0,0.0,0.0,C28H50O4Si2,506
914,"Pentacyclo[9.1.0.0(2,4).0(5,7).0(8,10)]dodecane, 3,3,6,6,9,9,12,12-octamethyl-, anti,syn,anti-",,lib,,true,2130.7692307692305,,4317,mainlib,152382,658,738,11.069999694824219,,0,53.637469157697595,0.3415064626217296,10.748874344397336,179.22264093991362,,,0.0,0.0,0.0,C20H32,272
932,"Hexanoic acid, TBDMS derivative",,lib,,true,1284.9743466301688,1291.0,161221,mainlib,333118,719,728,21.399999618530273,,0,27.529645046289215,1.4281179345999602,10.00299651408568,178.8551790864658,,,0.0,0.0,0.0,C12H26O2Si,230
1474,"cyclopent[hi]aceanthrylene-2,7-dione, 1,6-dihydro-",,lib,,true,2658.2524271844654,,212559,mainlib,396756,631,830,42.209999084472656,,0,65.64469840106847,1.0038220264941748,4.039627519435271,163.6849250458264,,,0.0,0.0,0.0,C18H10O2,258
980,"Acetamide, N-methyl-N-[4-[2-acetoxymethyl-1-pyrrolidyl]-2-butynyl]-",,lib,,true,1971.8309859154933,,108716,mainlib,117632,623,649,26.600000381469727,,0,49.490235372980685,0.5691774377028826,8.372105767251924,159.15513901369923,,,0.0,0.0,0.0,C14H22N2O3,266
1451,"4-Butylbenzoic acid, 2-bromo-4-fluorophenyl ester",,lib,,true,1933.8028169014083,,150412,mainlib,293598,623,662,12.170000076293945,,0,48.42380382833918,1.459163976656481,4.054577663249802,156.41090188836017,,,0.0,0.0,0.0,C17H16BrFO2,350
1001,"Benz[e]azulene-3,8-dione, 5-[(acetyloxy)methyl]-3a,4,6a,7,9,10,10a,10b-octahydro-3a,10a-dihydroxy-2,10-dimethyl-, (3aα,6aα,10ß,10aß,10bß)-(+)-",,lib,,true,2027.6923076923078,,13617,mainlib,67584,647,652,26.760000228881836,,0,50.99113902840204,0.6312695218159244,8.226845005294308,154.99885519214877,,,0.0,0.0,0.0,C19H24O6,348
947,"Formic acid, 2-bromomethyl-4,4-dimethyl-3-(3-oxobut-1-enyl)cyclohex-2-enyl ester",,lib,,true,1730.3797468354428,,12475,mainlib,190686,658,684,38.41999816894531,,0,42.49918413588645,0.7554536900420079,10.017266615759581,154.74605574126326,,,0.0,0.0,0.0,C14H19BrO3,314
1082,1-Heptatriacotanol,,lib,,true,2112.3076923076924,,7279,mainlib,127968,753,759,43.970001220703125,,0,53.16349958230138,0.486387992218827,6.677007429898367,149.7436102851443,,,0.0,0.0,0.0,C37H76O,536
1225,"6,11-Dimethyl-2,6,10-dodecatrien-1-ol",,lib,,true,2865.2631578947367,,34334,mainlib,196533,696,780,10.600000381469727,,0,69.75243472116902,0.2587170171376739,5.361716262217669,146.51283709738937,,,0.0,0.0,0.0,C14H24O,208
1009,"1,4-Benzenediol, 2,6-bis(1,1-dimethylethyl)-",,lib,,true,1667.0886075949368,,189006,mainlib,10470,693,768,46.09000015258789,,0,40.52431090506888,0.5381313956463618,8.406225613063725,146.17196722442844,,,0.0,0.0,0.0,C14H22O2,222
952,1-Methoxy-3-(trimethylsilyloxymethyl)nonane,,lib,,true,1966.1971830985917,,41688,mainlib,216829,614,669,8.630000114440918,,0,49.33224551451528,0.23801965576666004,10.434942212537862,138.9069509002111,,,0.0,0.0,0.0,C14H32O2Si,260
1195,"4a,10a-Methanophenanthren-9ß-ol, 11-syn-bromo-1,2,3,4,4a,9,10,10a-octahydro-",,lib,,true,2013.846153846154,,170810,mainlib,193532,591,621,10.40999984741211,,0,50.63566184685487,0.6416182025014314,5.516400577958848,138.66924326259323,,,0.0,0.0,0.0,C15H17BrO,292
928,"Linolool oxide, (Z)-, TMS derivative",,lib,,true,1952.1126760563382,,115520,mainlib,43625,670,819,17.1299991607666,,0,48.93727086835176,0.33115778193622264,10.476300670357887,138.33050845187609,,,0.0,0.0,0.0,C13H26O2Si,242
1315,"Formamide, N,N-dibutyl-",,lib,,true,1309.0327125537647,1310.0,40138,mainlib,239174,819,838,79.19000244140625,,0,28.517081661698004,1.4177692539144533,4.761033884249628,137.5653246451966,,,0.0,0.0,0.0,C9H19NO,157
1089,"Octasiloxane, 1,1,3,3,5,5,7,7,9,9,11,11,13,13,15,15-hexadecamethyl-",,lib,,true,1949.2957746478874,,43294,mainlib,153848,633,720,40.279998779296875,,0,48.85827593911905,0.27941437850868783,6.9595116137643345,136.7178740954277,,,0.0,0.0,0.0,C16H50O7Si8,578
900,"Benzoic Acid, TMS derivative",,lib,,true,1258.4375093955018,1249.0,81534,mainlib,78855,896,930,96.87999725341797,,0,26.30522364318232,0.5277827149608548,11.149244739441201,136.39619869729358,,,0.0,0.0,0.0,C10H14O2Si,194
1462,"Aniline, 2TMS derivative",,lib,,true,1922.5352112676057,,196901,mainlib,279749,607,711,30.90999984741211,,0,48.10782411140838,1.8006704392782107,4.018707579041802,136.2358449694916,,,0.0,0.0,0.0,C12H23NSi2,237
1043,"1H-Indole-2,3-dione, 5-tert-butyl-",,lib,,true,1821.1267605633805,,150002,mainlib,143080,721,770,46.40999984741211,,0,45.26400665903107,1.7385783551651688,7.288423419566243,135.61901758760334,,,0.0,0.0,0.0,C12H13NO2,203
1733,"2-Methyl-E,E-3,13-octadecadien-1-ol",,lib,,true,2084.6153846153848,,19018,mainlib,130906,584,627,25.260000228881836,,0,52.452545219207046,1.3556771698014114,2.864876439278305,134.1908927888535,,,0.0,0.0,0.0,C19H36O,280
1526,"4-Nitro-1,3-phenylenediamine, N1,N3-bis(tert-butyldimethylsilyl)-",,lib,,true,2242.0168067226887,,229703,mainlib,417670,573,628,11.09000015258789,,0,56.4022916808422,1.1694009174622861,3.7457494148147816,132.34392479912538,,,0.0,0.0,0.0,C18H35N3O2Si2,381
1210,"Ethanone, 1-(2,3-dihydro-1,1-dimethyl-1H-inden-4-yl)-",,lib,,true,1777.2151898734176,,13097,mainlib,31022,781,816,29.239999771118164,,0,43.96059032669146,1.210795640204314,5.551568830036558,132.3285429446919,,,0.0,0.0,0.0,C13H16O,188
1276,"Eicosane, 7-hexyl-",,lib,,true,2953.6842105263167,,24308,mainlib,16328,734,780,14.289999961853027,,0,71.4113282350558,0.23801965576666004,5.422410827886779,132.17363398619182,,,0.0,0.0,0.0,C26H54,366
1025,"10-Undecen-1-ol, TMS derivative",,lib,,true,1669.6202531645567,,45253,mainlib,216801,571,677,13.359999656677246,,0,40.60330583430157,1.3556771698014114,7.884322523743322,125.85400291686005,,,0.0,0.0,0.0,C14H30OSi,242
1340,"Thieno[2,3-b]quinolin-3-amine, 5,6,7,8-tetrahydro-2-octylsulfonyl-",,lib,,true,1615.1898734177212,,186537,mainlib,271263,627,661,11.729999542236328,,0,38.90491485579846,0.486387992218827,4.548111720243469,124.94639953957812,,,0.0,0.0,0.0,C19H28N2O2S2,380
1303,"(5R,10R)-6,10-Dimethyl-2-(propan-2-ylidene)spiro[4.5]dec-6-en-8-one",,lib,,true,1793.6708860759493,,123175,mainlib,384107,736,765,12.869999885559082,,0,44.47405736670403,1.3349798084303974,4.913167475868249,124.34065820626165,,,0.0,0.0,0.0,C15H22O,218
1763,"4,6,2',6'-Tetramethyl-biphenyl-2,4'-diamine",,lib,,true,2107.6923076923076,,205429,mainlib,191465,559,596,13.069999694824219,,0,53.045007188452324,1.6350915483100994,2.8544253882155317,123.09228197801556,,,0.0,0.0,0.0,C16H20N2,240
1701,"Acetic acid, 6,6-dimethyl-2-methylene-7-(3-oxobutylidene)oxepan-3-ylmethyl ester",,lib,,true,1838.0281690140846,,13176,mainlib,186155,709,742,31.149999618530273,,0,45.737976234427286,1.8110191199637176,3.060458410240244,120.645906961366,,,0.0,0.0,0.0,C16H24O4,280
871,"Uridine, 5-chloro-2'-desoxytris-O-(trimethylsilyl)-",,lib,,true,1358.7614963577066,,41876,mainlib,149333,654,654,16.81999969482422,,0,30.136477710968418,0.7037102866144731,12.127150409389287,120.4585527986419,,,0.0,0.0,0.0,C18H35ClN2O5Si3,478
1322,Dicyclooctanopyridazine,,lib,,true,2529.090909090909,,207192,mainlib,150046,596,635,11.65999984741211,,0,62.91937334254021,0.9520786230666402,4.887551817810163,120.3124443192346,,,0.0,0.0,0.0,C16H24N2,244
863,"6,7-Dimethylthieno[2,3-b]quinolin-3-ylamine",,lib,,true,1894.3661971830986,,200004,mainlib,306623,575,652,8.319999694824219,,0,47.31787481908135,1.0452167492362028,12.139713977914653,119.2579304693063,,,0.0,0.0,0.0,C13H12N2S,228
978,"Palmitic Acid, TMS derivative",,lib,,true,2040.0000000000002,2050.0,97113,mainlib,333711,697,741,36.02000045776367,,0,51.30711874533286,0.33115778193622264,8.6619582193307,118.10010489325214,,,0.0,0.0,0.0,C19H40O2Si,328
1481,Citronellol epoxide (R or S),,lib,,true,1702.5316455696202,,34721,mainlib,163928,599,665,7.860000133514404,,0,41.63023991432672,0.9003352196391053,3.877430504420772,116.67718297881584,,,0.0,0.0,0.0,C10H20O2,172
1433,"ß-Carboline, 1-methyl-7-(methylamino)formyloxy-",,lib,,true,1926.7605633802818,,183000,mainlib,124140,606,652,9.460000038146973,,0,48.22631650525743,1.3142824470593837,4.414741120603139,116.45584980886542,,,0.0,0.0,0.0,C14H13N3O2,255
1161,"1-Naphthalenepentanoic acid, 1,4,4a,5,6,7,8,8a-octahydro-ß,2,5,5,8a-pentamethyl-, methyl ester, [1S-[1α(R*),4aß,8aα]]-",,lib,,true,2346.218487394958,,177389,mainlib,29373,575,608,5.71999979019165,,0,58.851134487056,0.42429590810578527,6.024032841436565,114.90601935614359,,,0.0,0.0,0.0,C21H36O2,320
1458,"1,2-Longidione",,lib,,true,1783.5443037974683,,3185,mainlib,189522,602,684,10.399999618530273,,0,44.15807764977322,0.972775984437654,3.961542772973189,114.89613835487035,,,0.0,0.0,0.0,C15H22O2,234
1055,"α-D-Glucopyranoside, methyl 2,3-bis-O-(trimethylsilyl)-, cyclic methylboronate",,lib,,true,1595.454545454545,,186597,mainlib,25272,635,649,9.289999961853027,,0,38.272955421936835,0.7864997320985287,7.496917170938104,114.42680362218744,,,0.0,0.0,0.0,C14H31BO6Si2,362
1140,"12-Oxatetracyclo[5.2.1.1(2,6).1(8,11)]dodecan-3-ol-10-one acetate",,lib,,true,1641.7721518987341,,164361,mainlib,194475,616,633,6.510000228881836,,0,39.73436161274185,0.7761510514130219,6.198774670716375,114.41506603102607,,,0.0,0.0,0.0,C13H16O4,236
990,"5-(7a-Isopropenyl-4,5-dimethyl-octahydroinden-4-yl)-3-methyl-pent-2-enal",,lib,,true,2147.6923076923076,,177312,mainlib,193541,642,732,19.56999969482422,,0,54.07194126847745,0.5898747990738966,8.347929638868663,113.8548342934373,,,0.0,0.0,0.0,C20H32O,288
1063,"2,5-cyclohexadien-1-one, 2,6-bis(1,1-dimethylethyl)-4-hydroxy-4-methyl-",,lib,,true,1485.2272727272725,,153901,mainlib,401120,685,855,35.09000015258789,,0,34.44170135415074,0.5691774377028826,7.446687298361212,111.89144446974387,,,0.0,0.0,0.0,C15H24O2,236
1168,"p-Hydroxydiisopropylbenzene, TMS derivative",,lib,,true,1593.181818181818,,43518,mainlib,368539,621,649,23.530000686645508,,0,38.193960492704136,0.8175457741550497,5.870164702646434,111.52061200031312,,,0.0,0.0,0.0,C15H26OSi,250
1672,"(6-Isopropyl-4-methoxy-3-methylthio-2,4,6-cycloheptatrienylidene)malononitrile",,lib,,true,2184.6153846153848,,217634,mainlib,240368,613,632,20.690000534057617,,0,55.0198804192699,1.5936968255680715,3.092472549265949,110.1717083034348,,,0.0,0.0,0.0,C15H16N2OS,272
1730,"Menthol, 1'-(butyn-3-one-1-yl)-, (1R,2S,5R)-",,lib,,true,1786.0759493670887,,6149,mainlib,156954,711,727,18.3700008392334,,0,44.237072579005925,1.6661375903666202,3.0055952990660444,106.28386906718742,,,0.0,0.0,0.0,C14H22O2,222
1650,"Androst-5-ene-17-carbonitrile, 4-acetoxy-17-hydroxy-",,lib,,true,1784.8101265822786,,14270,mainlib,259320,550,557,10.770000457763672,,0,44.19757511438957,1.241841682260835,3.1544246117409784,103.50131878097864,,,0.0,0.0,0.0,C22H31NO3,357
1385,"dl-2,6-Diaminoheptanedioic acid",,lib,,true,1881.6901408450706,,21939,mainlib,235912,576,631,13.130000114440918,,0,46.96239763753418,1.3246311277448906,4.573246054264018,101.61840047078022,,,0.0,0.0,0.0,C7H14N2O4,190
1772,"3,5-Dihydroxy-3-methyl-pentanamide, N-benzhydryl-",,lib,,true,2093.8461538461534,,169255,mainlib,193516,628,630,24.299999237060547,,0,52.68953000690515,1.2935850856883697,2.9814278827689122,101.59873866606267,,,0.0,0.0,0.0,C19H23NO3,313
981,"Benzoic Acid, TMS derivative",,lib,,true,1253.3013473500826,1249.0,81534,mainlib,78855,889,924,95.93000030517578,,0,26.06823885548421,0.5381313956463618,8.818708902748767,100.73508751999316,,,0.0,0.0,0.0,C10H14O2Si,194
1280,"1-(1,3-Dimethyl-buta-1,3-dienyl)-3,7,7-trimethyl-2-oxa-bicyclo[3.2.0]hept-3-ene",,lib,,true,1696.2025316455695,,100467,mainlib,190275,678,724,12.279999732971191,,0,41.43275259124496,0.7140589672999801,5.061980695463717,97.07081133204701,,,0.0,0.0,0.0,C15H22O,218
1227,Calarene epoxide,,lib,,true,1830.985915492958,,3449,mainlib,151460,736,799,14.989999771118164,,0,45.54048891134553,1.0762627912927236,5.1881441999576055,96.22876028256385,,,0.0,0.0,0.0,C15H24O,220
1815,"2-[4-methyl-6-(2,6,6-trimethylcyclohex-1-enyl)hexa-1,3,5-trienyl]cyclohex-1-en-1-carboxaldehyde",,lib,,true,2092.3076923076924,,5913,mainlib,216092,615,616,10.489999771118164,,0,52.650032542288805,1.728229674479662,2.6031019338406622,95.26852159945719,,,0.0,0.0,0.0,C23H32O,324
893,"4-tert-Octylphenol, TMS derivative",,lib,,true,1667.0886075949368,1631.0,188940,mainlib,283552,784,905,55.349998474121094,,0,40.52431090506888,0.35185514330723655,11.539318354436546,95.2174323378249,,,0.0,0.0,0.0,C17H30OSi,278
1558,9-Methylcorticosterone,,lib,,true,2554.545454545454,,2552,mainlib,128163,526,553,28.209999084472656,,0,63.47233784716913,0.6623155638724453,3.5721643213182688,95.00544679533505,,,0.0,0.0,0.0,C22H32O4,360
1434,"Cyclopropa[c,d]pentalene-1,3-dione, hexahydro-4-(2-methyl-2-propenyl)-2,2,4-trimethyl-",,lib,,true,1793.6708860759493,,4098,mainlib,156600,676,706,9.510000228881836,,0,44.47405736670403,1.0348680685506957,4.113128105702344,94.32400353426056,,,0.0,0.0,0.0,C15H20O2,232
1355,"Ethanol, 2-(methylamino)-, N-trifluoroacetyl, O-(tert-butyldimethylsilyl)",,lib,,true,1679.746835443038,,199763,mainlib,385937,573,629,23.43000030517578,,0,40.91928555123239,0.6312695218159244,4.652287505567074,89.35751474974495,,,0.0,0.0,0.0,C11H22F3NO2Si,285
1363,"1H-2-Indenol, 2,3,4,5,6,7-hexahydro-1-(2-hydroxy-2-methylpropyl)",,lib,,true,1741.7721518987341,,118232,mainlib,196764,714,733,13.4399995803833,,0,42.85466131743362,1.500558699398509,4.4215859768446535,89.23254925021592,,,0.0,0.0,0.0,C13H22O2,210
1173,"2-[4-methyl-6-(2,6,6-trimethylcyclohex-1-enyl)hexa-1,3,5-trienyl]cyclohex-1-en-1-carboxaldehyde",,lib,,true,2112.3076923076924,,5913,mainlib,216092,703,704,31.100000381469727,,0,53.16349958230138,0.5484800763318688,6.02279177273158,88.85259918072552,,,0.0,0.0,0.0,C23H32O,324
1231,"Perhydrocyclopropa[e]azulene-4,5,6-triol, 1,1,4,6-tetramethyl",,lib,,true,1694.9367088607594,,6154,mainlib,197878,707,726,6.460000038146973,,0,41.39325512662861,0.9210325810101192,5.502580261265393,88.73541582449434,,,0.0,0.0,0.0,C15H26O3,254
1677,"4,6-Bis(t-butyl)-2-(dimethylbenzyl)phenol",,lib,,true,2218.487394957983,,23887,mainlib,224358,555,576,23.329999923706055,,0,55.84932717621328,1.6040455062535783,3.150338907391415,88.06496213158391,,,0.0,0.0,0.0,C23H32O,324
1271,Azafrin,,lib,,true,2206.72268907563,,85648,mainlib,26553,599,599,22.15999984741211,,0,55.57284492389882,0.3208091012507157,5.1381084380755055,87.2452646699694,,,0.0,0.0,0.0,C27H38O4,426
1360,"10,12-Docosadiynedioic acid, 2TMS derivative",,lib,,true,1746.8354430379745,,41367,mainlib,332159,567,583,31.530000686645508,,0,43.01265117589902,0.3415064626217296,4.446325087919831,84.9507574402769,,,0.0,0.0,0.0,C28H50O4Si2,506
1567,"1(2H)-Naphthalenone, 3,4-dihydro-3,3,6,8-tetramethyl-",,lib,,true,1635.4430379746834,,134639,mainlib,9075,735,784,53.540000915527344,,0,39.53687428966009,0.6830129252434592,3.4556559660704806,84.79943118920505,,,0.0,0.0,0.0,C14H18O,202
1890,"5,10-Diethoxy-2,3,7,8-tetrahydro-1H,6H-dipyrrolo[1,2-a:1',2'-d]pyrazine",,lib,,true,1971.8309859154933,,38019,mainlib,190755,677,718,62.060001373291016,,0,49.490235372980685,1.8420651620202384,2.362130791465461,83.87709302910343,,,0.0,0.0,0.0,C14H22N2O2,250
1249,"Silanol, trimethyl-, phosphate (3:1)",,lib,,true,1278.1261305696096,1286.0,224654,mainlib,378727,817,836,77.1500015258789,,0,27.213665329358403,0.9520786230666402,5.228730972856283,81.20993564110904,,,0.0,0.0,0.0,C9H27O4PSi3,314
1483,Phthalic anhydride,,lib,,true,1323.5874785451624,1313.0,76879,mainlib,133911,884,904,78.44999694824219,,0,28.991051237094226,2.0490387757303776,3.97344382526353,81.12680869500036,,,0.0,0.0,0.0,C8H4O3,148
1375,"t-Butyl-[2-(2,2-dimethyl-6-methylene-cyclohexylmethyl)-cyclopropoxy]-dimethyl-silane",,lib,,true,1569.3181818181815,,41489,mainlib,190678,552,604,38.61000061035156,,0,37.36451373576075,0.42429590810578527,4.615077460999601,78.7335865469422,,,0.0,0.0,0.0,C19H36OSi,308
1138,Diphenylamine,,lib,,true,1653.1645569620252,1621.0,158098,mainlib,113400,784,878,38.08000183105469,,0,40.08983879428901,0.5174340342753478,6.240199386931636,77.62594092617019,,,0.0,0.0,0.0,C12H11N,169
1477,N-n-Butylphthalimide,,lib,,true,1700.0000000000002,,149945,mainlib,340992,753,822,66.05999755859375,,0,41.55124498509402,0.8899865389535984,4.163945464650169,77.5989723802486,,,0.0,0.0,0.0,C12H13NO2,203
1243,"α-D-Galactopyranose, 6-O-(trimethylsilyl)-, cyclic 1,2:3,4-bis(methylboronate)",,lib,,true,1750.632911392405,,97129,mainlib,25309,577,600,25.0,,0,43.13114356974808,0.33115778193622264,5.405861725856084,75.84188322746922,,,0.0,0.0,0.0,C11H22B2O6Si,300
1214,"α-D-Galactopyranose, 6-O-(trimethylsilyl)-, cyclic 1,2:3,4-bis(butylboronate)",,lib,,true,1940.8450704225352,,97128,mainlib,25315,595,642,17.610000610351562,,0,48.62129115142094,0.4449932694767992,5.510800340096466,71.06093434959075,,,0.0,0.0,0.0,C17H34B2O6Si,384
1273,"Benzoic Acid, TMS derivative",,lib,,true,1256.7254553803623,1249.0,81534,mainlib,78855,868,918,94.69999694824219,,0,26.226228713949617,0.5381313956463618,5.4628224230255,69.09681602408818,,,0.0,0.0,0.0,C10H14O2Si,194
1294,"5,6-Epoxyretinoic acid, (All E)-, TMS derivative",,lib,,true,2060.0,,40651,mainlib,51857,617,627,11.029999732971191,,0,51.82058578534542,0.4760393115333201,5.0286978362710215,68.75888374878741,,,0.0,0.0,0.0,C23H36O3Si,388
1765,"Iodoacetic Acid, TMS derivative",,lib,,true,1459.090909090909,,46068,mainlib,12581,676,734,50.95000076293945,,0,33.533259667974654,0.7244076479854871,2.98804560280405,67.52259193536156,,,0.0,0.0,0.0,C5H11IO2Si,258
1571,"8-Acetyl-5,5-dimethyl-nona-2,3,8-trienoic acid, methyl ester",,lib,,true,2300.8403361344535,,12800,mainlib,193212,583,623,25.59000015258789,,0,57.784702942414505,0.35185514330723655,3.565925676433835,65.6865029673063,,,0.0,0.0,0.0,C14H20O3,236
1860,"2-Aminoethanol, N-(trifluoroacetyl)-, tert-butyldimethylsilyl ether",,lib,,true,1307.8198153878147,,192704,mainlib,366641,399,416,10.5600004196167,,0,28.47758419708165,1.1797495981477932,2.543090107254102,64.54266649597776,,,0.0,0.0,0.0,C10H20F3NO2Si,271
1956,2-Bromo-3-methylnaphthoquinone,,lib,,true,2187.6923076923076,,159724,mainlib,193059,573,653,23.079999923706055,,0,55.0988753485026,2.1111308598434193,2.3116571076679975,63.38192483827652,,,0.0,0.0,0.0,C11H7BrO2,250
1194,"1-Heptadecanol, TMS derivative",,lib,,true,2063.0769230769233,2054.0,227658,mainlib,351843,717,737,54.31999969482422,,0,51.89958071457813,0.20697361371013914,6.102844577137148,63.20510143002525,,,0.0,0.0,0.0,C20H44OSi,328
1465,1-Phenyl-1-(trimethylsilyloxy)ethylene,,lib,,true,1621.518987341772,,45973,mainlib,343360,525,653,16.700000762939453,,0,39.10240217888022,0.486387992218827,4.171869382029399,62.4186943233326,,,0.0,0.0,0.0,C11H16OSi,192
1393,"Quinoline, 2,4,6-trimethyl-",,lib,,true,1537.5,1532.0,159948,mainlib,154438,814,832,41.79999923706055,,0,36.25858472650291,0.4760393115333201,4.711864658864215,60.2293307445525,,,0.0,0.0,0.0,C12H13N,171
1852,"2-Oxovaleric acid, TBDMS derivative",,lib,,true,1295.2466707210078,,41399,mainlib,353158,664,669,29.31999969482422,,0,28.003614621685436,1.7592757165361828,2.6529736190568656,57.309905053629336,,,0.0,0.0,0.0,C11H22O3Si,230
2202,"Cyclopenta[b]pyrrolo[3,4-d]pyridine-1,3(2H,6H)-dione, 7,8-dihydro-4-amino-",,lib,,true,2129.2307692307695,,186199,mainlib,271086,538,649,21.209999084472656,,0,53.59797169308124,1.8213678006492247,1.8594307853491046,54.65827596448298,,,0.0,0.0,0.0,C10H9N3O2,203
1408,"1-Hexadecanol, TMS derivative",,lib,,true,1953.5211267605637,1958.0,224663,mainlib,79424,716,788,35.7400016784668,,0,48.97676833296811,0.1966249330246322,4.240576593014339,50.2439535036965,,,0.0,0.0,0.0,C19H42OSi,314
2000,"3-Buten-2-one, 4-(2,2,6-trimethyl-7-oxabicyclo[4.1.0]hept-1-yl)-",,lib,,true,1511.363636363636,1473.0,105592,mainlib,192140,753,813,26.639999389648438,,0,35.35014304032682,1.1487035560912724,2.1571050815982744,49.529305023788766,,,0.0,0.0,0.0,C13H20O2,208
1712,3-Dibenzofuranamine,,lib,,true,1307.8198153878147,,170058,mainlib,44723,644,781,45.540000915527344,,0,28.47758419708165,0.8278944548405566,3.0236499255988747,49.2328636941711,,,0.0,0.0,0.0,C12H9NO,183
2052,"2,4-Hexanedione, 1,1,1-trifluoro-5,5-dimethyl-",,lib,,true,1669.6202531645567,,23620,mainlib,73441,510,612,14.149999618530273,,0,40.60330583430157,1.7592757165361828,2.055918215064594,48.8831973567635,,,0.0,0.0,0.0,C8H11F3O2,196
1827,"1H-Isoindole-1,3(2H)-dione, N-ethyl-",,lib,,true,1497.7272727272727,,149991,mainlib,47065,817,865,65.87999725341797,,0,34.87617346493061,1.0452167492362028,2.7072272271288966,40.90838557814277,,,0.0,0.0,0.0,C10H9NO2,175
2009,"Hymexazole, tert-butyldimethylsilyl ether",,lib,,true,1230.1886181456953,,146029,mainlib,364719,643,654,14.90999984741211,,0,25.001807310842718,1.241841682260835,2.2674034335650504,35.775878494998324,,,0.0,0.0,0.0,C10H19NO2Si,213
2405,"2-Hydroxyisocaproic acid, TMS derivative",,lib,,true,1333.290655872761,,41373,mainlib,353253,665,673,29.68000030517578,,0,29.307030954025038,1.014170707179682,1.0952707373071462,35.233538426606515,,,0.0,0.0,0.0,C9H20O3Si,204
2201,"2,3-Butanediol, O-(trimethylsilyl)-, monoacetate",,lib,,true,1389.0839255064518,,97024,mainlib,151215,569,740,12.3100004196167,,0,31.123914326377207,0.36220382399274353,1.8147616456262767,32.23672495998699,,,0.0,0.0,0.0,C9H20O3Si,204
2342,"2-Hexenoic acid, (E)-, TMS derivative",,lib,,true,1287.5424276528784,,159583,mainlib,79613,686,740,17.239999771118164,,0,27.64813744013827,1.3039337663738766,1.3555789785459638,30.51554694180777,,,0.0,0.0,0.0,C9H18O2Si,186
885,"E,E,Z-1,3,12-Nonadecatriene-5,14-diol",,oil,,true,2704.854368932038,,21026,mainlib,131114,722,735,16.770000457763672,,0,66.5926375518609,0.30011173987970174,11.4638276102487,1427.511364810099,,,0.0,0.0,0.0,C19H34O2,294
767,"Dodecane, 1-cyclopentyl-4-(3-cyclopentylpropyl)-",oil,oil,,true,2587.272727272727,,51928,mainlib,15853,743,753,6.53000020980835,,0,64.18329221026346,0.2690656978231809,16.11778220970882,1204.756009844713,,,0.0,0.0,0.0,C25H48,348
715,"Ethanol, 2-(octadecyloxy)-",oil,oil,,true,2501.8181818181815,,24333,mainlib,36195,759,772,7.429999828338623,,0,62.326911373294934,0.248368336452167,20.09618590127502,1187.8077714486171,,,0.0,0.0,0.0,C20H42O2,314
709,"Ethanol, 2-(octadecyloxy)-",,oil,,true,2463.6363636363635,,24333,mainlib,36195,694,729,5.860000133514404,,0,61.49746461635155,0.23801965576666004,20.94277353095822,1081.455003292539,,,0.0,0.0,0.0,C20H42O2,314
943,"5,6,6-Trimethyl-5-(3-oxobut-1-enyl)-1-oxaspiro[2.5]octan-4-one",oil,oil,,true,2720.3883495145624,,6325,mainlib,192739,707,750,10.350000381469727,,0,66.90861726879172,0.3208091012507157,9.623777874745429,1018.2791328466028,,,0.0,0.0,0.0,C14H20O3,236
788,tert-Hexadecanethiol,oil,oil,,true,2627.184466019417,,25117,mainlib,234966,707,736,7.5,,0,65.01273896720684,0.27941437850868783,14.956053284287918,938.596633571789,,,0.0,0.0,0.0,C16H34S,258
988,"Glycine, N-[(3α,5ß)-24-oxo-3-[(trimethylsilyl)oxy]cholan-24-yl]-, methyl ester",oil,oil,,true,2784.466019417475,,115521,mainlib,43377,590,622,12.5,,0,68.21203360113131,0.3415064626217296,8.445373550872318,795.585407668184,,,0.0,0.0,0.0,C30H53NO4Si,519
753,"Propanoic acid, 2-(3-acetoxy-4,4,14-trimethylandrost-8-en-17-yl)-",oil,oil,,true,2518.181818181818,,234266,mainlib,194012,618,624,15.470000267028809,,0,62.6823885548421,0.31046042056520873,16.926170274353353,748.692660036339,,,0.0,0.0,0.0,C27H42O4,430
844,"Tricyclo[20.8.0.0(7,16)]triacontane, 1(22),7(16)-diepoxy-",,oil,,true,2683.4951456310678,,20028,mainlib,155907,682,713,8.470000267028809,,0,66.15816544108104,0.3208091012507157,12.854812446297728,679.3738295594621,,,0.0,0.0,0.0,C30H52O2,444
779,"Dihydrophytol, TMS derivative",,oil,,true,2391.5966386554624,,25779,mainlib,143939,740,872,30.06999969482422,,0,59.91756603169749,0.2173222943956461,16.157050768262707,606.0505670969733,,,0.0,0.0,0.0,C23H50OSi,370
1097,"Spiro[4.5]decan-7-one, 1,8-dimethyl-8,9-epoxy-4-isopropyl-",,oil,,true,2766.9902912621355,,11038,mainlib,197252,720,759,11.15999984741211,,0,67.85655641958415,0.33115778193622264,6.616449678782374,557.8813006827493,,,0.0,0.0,0.0,C15H24O2,236
888,"Pentadec-7-ene, 7-bromomethyl-",,oil,,true,2693.2038834951454,,2812,mainlib,259585,702,773,5.360000133514404,,0,66.3556527641628,0.30011173987970174,10.83057468116749,472.8688755791982,,,0.0,0.0,0.0,C16H31Br,302
1000,"E,E,Z-1,3,12-Nonadecatriene-5,14-diol",,oil,,true,2739.805825242718,,21026,mainlib,131114,704,732,10.739999771118164,,0,67.30359191495523,0.31046042056520873,8.32821146468632,462.81008277131696,,,0.0,0.0,0.0,C19H34O2,294
734,"Tetrapentacontane, 1,54-dibromo-",,oil,,true,2514.5454545454545,,25430,mainlib,156094,767,787,8.520000457763672,,0,62.6033936256094,0.23801965576666004,18.629879993692157,340.33813341031873,,,0.0,0.0,0.0,C54H108Br2,914
1128,"4,8,13-Cyclotetradecatriene-1,3-diol, 1,5,9-trimethyl-12-(1-methylethyl)-",,oil,,true,2926.3157894736837,,49834,mainlib,42995,710,758,19.170000076293945,,0,70.8978611950432,0.4449932694767992,6.227762880851515,317.5331903555716,,,0.0,0.0,0.0,C20H34O2,306
735,"Carbonic acid, eicosyl vinyl ester",,oil,,true,2518.181818181818,2497.0,25472,mainlib,382543,758,814,5.320000171661377,,0,62.6823885548421,0.23801965576666004,18.393432691998896,314.9625503957759,,,0.0,0.0,0.0,C23H44O3,368
940,"E,E,Z-1,3,12-Nonadecatriene-5,14-diol",,oil,,true,2716.5048543689313,,21026,mainlib,131114,706,722,8.539999961853027,,0,66.82962233955901,0.30011173987970174,9.621395797701553,278.62952174066595,,,0.0,0.0,0.0,C19H34O2,294
942,10-Methyl-8-tetradecen-1-ol acetate,,oil,,true,2712.6213592233007,,7048,mainlib,131361,696,728,10.829999923706055,,0,66.75062741032632,0.31046042056520873,9.70215915486915,222.67768436013648,,,0.0,0.0,0.0,C17H32O2,268
1237,"1,1,6-trimethyl-3-methylene-2-(3,6,9,13-tetramethyl-6-ethenye-10,14-dimethylene-pentadec-4-enyl)cyclohexane",,oil,,true,2877.894736842105,,68166,mainlib,373945,687,763,19.020000457763672,,0,69.98941950886713,0.4346445887912922,5.125259561376879,211.5132759152093,,,0.0,0.0,0.0,C33H56,452
741,17-Pentatriacontene,,oil,,true,2521.8181818181815,,24490,mainlib,233160,760,761,13.329999923706055,,0,62.761383484074805,0.248368336452167,18.39460489709745,199.99557180287573,,,0.0,0.0,0.0,C35H70,490
1107,"E,E,Z-1,3,12-Nonadecatriene-5,14-diol",,oil,,true,2763.106796116504,,21026,mainlib,131114,700,724,9.960000038146973,,0,67.77756149035145,0.3415064626217296,6.383236043679062,194.49339745254937,,,0.0,0.0,0.0,C19H34O2,294
1129,"Spiro[4.5]decan-7-one, 1,8-dimethyl-8,9-epoxy-4-isopropyl-",,oil,,true,2774.757281553397,,11038,mainlib,197252,673,727,7.380000114440918,,0,68.01454627804955,0.31046042056520873,6.201907018490601,191.5285028595963,,,0.0,0.0,0.0,C15H24O2,236
1166,"Tricyclo[20.8.0.0(7,16)]triacontane, 1(22),7(16)-diepoxy-",,oil,,true,2792.2330097087374,,20028,mainlib,155907,689,712,7.070000171661377,,0,68.37002345959672,0.33115778193622264,5.802646005082352,185.4401420485192,,,0.0,0.0,0.0,C30H52O2,444
961,"E,E,Z-1,3,12-Nonadecatriene-5,14-diol",,oil,,true,2726.213592233009,,21026,mainlib,131114,719,732,11.75,,0,67.02710966264077,0.30011173987970174,8.814401462601381,184.4198419959419,,,0.0,0.0,0.0,C19H34O2,294
1102,"2-Methyl-E,E-3,13-octadecadien-1-ol",,oil,,true,2761.165048543689,,19018,mainlib,130906,680,709,5.510000228881836,,0,67.7380640257351,0.31046042056520873,6.809427633415908,149.10179338360012,,,0.0,0.0,0.0,C19H36O,280
